<databaseChangeLog xmlns="http://www.liquibase.org/xml/ns/dbchangelog"
	xmlns:xsi="http://www.w3.org/2001/XMLSchema-instance"
	xsi:schemaLocation="http://www.liquibase.org/xml/ns/dbchangelog http://www.liquibase.org/xml/ns/dbchangelog/dbchangelog-2.0.xsd">

	<changeSet author="xuman.xu" id="algorithmfileinfo_tag_1">
		<createTable tableName="algorithm_file_info">
			<column name="id" type="varchar(110)">
				<constraints primaryKey="true" nullable="false" />
			</column>
			<column name="algorithm_id" type="varchar(110)">
				<constraints nullable="false" />
			</column>
			<column name="a_filename" type="varchar(40)">
				<constraints nullable="false" />
			</column>
			<column name="a_file" type="blob">
				<constraints nullable="false" />
			</column>
			<column name="a_md5" type="varchar(50)">
				<constraints nullable="false" />
			</column>
			<column name="sys_type" type="varchar(20)">
			</column>
			<column name="file_size" type="bigint">
				<constraints nullable="false" />
			</column>
			<column name="type" type="varchar(2)">
				<constraints nullable="false" />
			</column>
			<column name="version" type="bigint" />

			<column name="create_time" type="datetime">
				<constraints nullable="false" />
			</column>
			<column name="creator" type="varchar(36)">
				<constraints nullable="false" />
			</column>
			<column name="update_time" type="datetime">
				<constraints nullable="false" />
			</column>
			<column name="updater" type="varchar(36)">
				<constraints nullable="false" />
			</column>
		</createTable>
	</changeSet>

</databaseChangeLog>
