<databaseChangeLog xmlns="http://www.liquibase.org/xml/ns/dbchangelog"
	xmlns:xsi="http://www.w3.org/2001/XMLSchema-instance"
	xsi:schemaLocation="http://www.liquibase.org/xml/ns/dbchangelog http://www.liquibase.org/xml/ns/dbchangelog/dbchangelog-2.0.xsd">

	<changeSet author="xuman.xu" id="dynamicalgorithminfo_tag_1">
		<createTable tableName="dynamic_algorithm_info">
			<column name="id" type="varchar(110)">
				<constraints primaryKey="true" nullable="false" />
			</column>
			<column name="algorithm_version" type="decimal(2,1)">
				<constraints nullable="false" />
			</column>
			<column name="partner_code" type="varchar(40)">
				<constraints nullable="false" />
			</column>
			<column name="app_id" type="varchar(30)">
				<constraints nullable="false" />
			</column>
			<column name="status" type="varchar(2)">
				<constraints nullable="false" />
			</column>
			<column name="version" type="bigint" />

			<column name="create_time" type="datetime">
				<constraints nullable="false" />
			</column>
			<column name="creator" type="varchar(36)">
				<constraints nullable="false" />
			</column>
			<column name="update_time" type="datetime">
				<constraints nullable="false" />
			</column>
			<column name="updater" type="varchar(36)">
				<constraints nullable="false" />
			</column>
		</createTable>
	</changeSet>

</databaseChangeLog>
