<?xml version="1.0" encoding="UTF-8"?>
<beans xmlns="http://www.springframework.org/schema/beans"
	xmlns:xsi="http://www.w3.org/2001/XMLSchema-instance" xmlns:jee="http://www.springframework.org/schema/jee"
	xmlns:context="http://www.springframework.org/schema/context" xmlns:tx="http://www.springframework.org/schema/tx"
	xmlns:aop="http://www.springframework.org/schema/aop"
	xmlns:task="http://www.springframework.org/schema/task" 
	xsi:schemaLocation="
        http://www.springframework.org/schema/beans
        http://www.springframework.org/schema/beans/spring-beans-3.1.xsd
        http://www.springframework.org/schema/context
        http://www.springframework.org/schema/context/spring-context-3.1.xsd
        http://www.springframework.org/schema/jee
        http://www.springframework.org/schema/jee/spring-jee-3.1.xsd
        http://www.springframework.org/schema/tx
        http://www.springframework.org/schema/tx/spring-tx-3.1.xsd
        http://www.springframework.org/schema/aop
        http://www.springframework.org/schema/aop/spring-aop-3.1.xsd
        http://www.springframework.org/schema/task  
		http://www.springframework.org/schema/task/spring-task-3.1.xsd"
	default-autowire="byName">


	<context:component-scan base-package="com.payegis">
		<!-- <context:exclude-filter type="regex"
			expression="com\.payegis\.sdc\.mobilepass\.dao\.impl\.BaseDao" /> -->
	</context:component-scan>
	
    <aop:aspectj-autoproxy proxy-target-class="true">
  	      <aop:include name="manageAdvice"/>
  	  </aop:aspectj-autoproxy>  
	
	<context:annotation-config />

	<context:property-placeholder location="classpath:*.properties" ignore-unresolvable="true"/>

	<bean id="messageSource"
		class="org.springframework.context.support.ReloadableResourceBundleMessageSource">
		<property name="basename" value="classpath:messages" />
		<property name="fileEncodings" value="utf-8" />
		<property name="cacheSeconds" value="120" />
	</bean>
	
	
	<import resource="spring-dataSource.xml" />

    <task:scheduled-tasks scheduler="myScheduler">
        <task:scheduled ref="TaskProcessor" method="deleteExpireUserInfo" cron="${clear.expire.userinfo}"/>
    </task:scheduled-tasks>
    <task:scheduler id="myScheduler" pool-size="10"/>
</beans>