<?xml version="1.0" encoding="UTF-8"?>
<beans xmlns="http://www.springframework.org/schema/beans"
	xmlns:xsi="http://www.w3.org/2001/XMLSchema-instance" xmlns:jee="http://www.springframework.org/schema/jee"
	xmlns:context="http://www.springframework.org/schema/context" xmlns:tx="http://www.springframework.org/schema/tx"
	xmlns:aop="http://www.springframework.org/schema/aop"
	xsi:schemaLocation="
        http://www.springframework.org/schema/beans
        http://www.springframework.org/schema/beans/spring-beans-3.1.xsd
        http://www.springframework.org/schema/context
        http://www.springframework.org/schema/context/spring-context-3.1.xsd
        http://www.springframework.org/schema/jee
        http://www.springframework.org/schema/jee/spring-jee-3.1.xsd
        http://www.springframework.org/schema/tx
        http://www.springframework.org/schema/tx/spring-tx-3.1.xsd
        http://www.springframework.org/schema/aop
        http://www.springframework.org/schema/aop/spring-aop-3.1.xsd"
	default-autowire="byName">
	<bean id="DataSource" class="com.mchange.v2.c3p0.ComboPooledDataSource">
		<property name="driverClass">
			<value>${hibernate.connection.driver}</value>
		</property>
		<property name="jdbcUrl">
			<value>${hibernate.connection.url}</value>
		</property>
		<property name="user">
			<value>${hibernate.connection.username}</value>
		</property>
		<property name="password">
			<value>${hibernate.connection.password}</value>
		</property>
		<property name="minPoolSize">
			<value>${hibernate.c3p0.min_size}</value>
		</property>
		<property name="maxPoolSize">
			<value>${hibernate.c3p0.max_size}</value>
		</property>
		<property name="initialPoolSize">
			<value>${hibernate.c3p0.initial_size}</value>
		</property>
		<property name="maxIdleTime">
			<value>${hibernate.c3p0.timeout}</value>
		</property>
		<property name="acquireIncrement">
			<value>${hibernate.c3p0.acquire_increment}</value>
		</property>
		<property name="idleConnectionTestPeriod">
			<value>${hibernate.c3p0.idle_test_period}</value>
		</property>
		<property name="preferredTestQuery">
			<value>SELECT 1;</value>
		</property>
		<property name="maxStatements">
			<value>0</value>
		</property>
		<property name="acquireRetryAttempts">
			<value>30</value>
		</property>
		<property name="breakAfterAcquireFailure">
			<value>false</value>
		</property>
		<property name="testConnectionOnCheckout">
			<value>false</value>
		</property>
	</bean>

	<!-- -->
	<bean id="EntityManagerFactory"
		class="org.springframework.orm.jpa.LocalContainerEntityManagerFactoryBean">
		<property name="dataSource" ref="DataSource" />
		<property name="persistenceUnitName" value="datasource" />
		<property name="jpaProperties">
			<props>
				<prop key="hibernate.dialect">${hibernate.dialect}</prop>
				<prop key="hibernate.connection.driver_class">${hibernate.connection.driver}</prop>
				<prop key="hibernate.format_sql">false</prop>
				<prop key="hibernate.use_sql_comments">false</prop>
				<prop key="hibernate.generate_statistics">${hibernate.generate_statistics}</prop>
				<prop key="hibernate.show_sql">${hibernate.show_sql}</prop>
				<prop key="hibernate.cache.use_second_level_cache">false</prop>
				<prop key="hibernate.cache.use_query_cache">false</prop>
				<!-- <prop key="hibernate.cache.provider_class">com.googlecode.hibernate.memcached.MemcachedCacheProvider</prop> -->
				<!-- <prop key="hibernate.memcached.servers">${hibernate.memcached.servers}</prop> 
					<prop key="hibernate.memcached.cacheTimeSeconds">${hibernate.memcached.cacheTimeSeconds}</prop> 
					<prop key="hibernate.memcached.operationTimeout">${hibernate.memcached.operationTimeout}</prop> -->
			</props>
		</property>
		<property name="jpaVendorAdapter">
			<bean class="org.springframework.orm.jpa.vendor.HibernateJpaVendorAdapter">
			</bean>
		</property>
	</bean>

	<bean id="JpaTransactionManager" class="org.springframework.orm.jpa.JpaTransactionManager">
		<property name="entityManagerFactory" ref="EntityManagerFactory" />
		<property name="dataSource" ref="DataSource" />
		<qualifier value="jpaTx" />
	</bean>

	<!-- <tx:annotation-driven transaction-manager="JpaTransactionManager" /> -->
	<aop:config>

		<aop:pointcut id="doTransaction"
			expression="execution(* com.payegis.sdc.mobilepass.service.*.*(..))" />

		<aop:advisor advice-ref="txAdvice" pointcut-ref="doTransaction" />

	</aop:config>
	
	<tx:advice id="txAdvice" transaction-manager="JpaTransactionManager">
		<tx:attributes>
			<tx:method name="create*" propagation="REQUIRED" rollback-for="Exception" />
			<tx:method name="bind*" propagation="REQUIRED" rollback-for="Exception" />
			<tx:method name="add*" propagation="REQUIRED" rollback-for="Exception" />
			<tx:method name="update*" propagation="REQUIRED" rollback-for="Exception" />
			<tx:method name="save*" propagation="REQUIRED" rollback-for="Exception" />
			<tx:method name="copy*" propagation="REQUIRED" rollback-for="Exception" />
			<tx:method name="remove*" propagation="REQUIRED" rollback-for="Exception" />
			<tx:method name="del*" propagation="REQUIRED" rollback-for="Exception" />
			<tx:method name="unbind*" propagation="REQUIRED"  rollback-for="Exception"/>
         <tx:method name="reset*" propagation="REQUIRED"  rollback-for="Exception"/>
			<tx:method name="*" propagation="SUPPORTS" read-only="true" />
		</tx:attributes>
	</tx:advice>
</beans>