<?xml version="1.0" encoding="UTF-8"?>
<beans xmlns="http://www.springframework.org/schema/beans"
       xmlns:xsi="http://www.w3.org/2001/XMLSchema-instance"
       xmlns:context="http://www.springframework.org/schema/context"
       xmlns:tx="http://www.springframework.org/schema/tx"
       xmlns:aop="http://www.springframework.org/schema/aop"
       xsi:schemaLocation="http://www.springframework.org/schema/beans http://www.springframework.org/schema/beans/spring-beans-3.2.xsd
	http://www.springframework.org/schema/context  http://www.springframework.org/schema/context/spring-context-3.2.xsd
	http://www.springframework.org/schema/aop  http://www.springframework.org/schema/aop/spring-aop-3.2.xsd
	http://www.springframework.org/schema/tx http://www.springframework.org/schema/tx/spring-tx-3.2.xsd">

    <tx:annotation-driven/>
    <context:annotation-config/>
    <aop:aspectj-autoproxy proxy-target-class="true"/>

    <bean id="memcachedClient" class="net.spy.memcached.spring.MemcachedClientFactoryBean">
        <property name="servers" value="${memcache.host}:${memcache.port}"/>
        <property name="protocol" value="BINARY"/>
        <property name="transcoder">
            <bean class="net.spy.memcached.transcoders.SerializingTranscoder">

                <property name="compressionThreshold" value="1024"/>
            </bean>
        </property>
        <property name="opTimeout" value="1000"/>
        <property name="timeoutExceptionThreshold" value="1998"/>
        <property name="locatorType" value="CONSISTENT"/>
        <property name="failureMode" value="Redistribute"/>
        <property name="useNagleAlgorithm" value="false"/>
    </bean>
    <bean id="datasource" class="com.mchange.v2.c3p0.ComboPooledDataSource"
          destroy-method="close">
        <property name="driverClass" value="${db.driverClass}"/>
        <property name="jdbcUrl" value="${db.url}"/>
        <property name="user" value="${db.user}"/>
        <property name="password" value="${db.password}"/>
        <property name="initialPoolSize" value="100"/>
        <property name="maxPoolSize" value="2000"/>
        <property name="minPoolSize" value="100"/>
        <property name="maxIdleTime" value="60"/>
        <property name="idleConnectionTestPeriod" value="60"/>
        <property name="preferredTestQuery" value="SELECT 1;"/>
        <property name="breakAfterAcquireFailure" value="true"/>
        <property name="testConnectionOnCheckout" value="false"/>
    </bean>

    <bean id="sqlSessionFactory" class="org.mybatis.spring.SqlSessionFactoryBean">
        <property name="dataSource" ref="datasource"/>
        <property name="configLocation">
            <value>classpath:config/mapper-config.xml</value>
        </property>

    </bean>

    <bean id="mapperScannerConfigurer" class="org.mybatis.spring.mapper.MapperScannerConfigurer">
        <property name="basePackage" value="com.payegis.tscsecurid.common.mapper"/>
        <property name="sqlSessionFactoryBeanName" value="sqlSessionFactory"/>
    </bean>



    <bean id="transactionManager" class="org.springframework.jdbc.datasource.DataSourceTransactionManager">
        <property name="dataSource" ref="datasource"/>
    </bean>

    <bean id="cacheMgr" class="com.payegis.tscsecurid.common.cache.CacheMgr">
    </bean>
    <bean id="accountService" class="com.payegis.tscsecurid.rest.service.impl.AccountServiceImpl">
    </bean>
    <tx:advice id="txAdvice" transaction-manager="transactionManager">
        <tx:attributes>
            <tx:method name="save*" rollback-for="Exception"/>
            <tx:method name="update*" rollback-for="Exception"/>
            <tx:method name="do*" rollback-for="Exception"/>
            <tx:method name="del*" rollback-for="Exception"/>
            <tx:method name="*" read-only="true"/>
        </tx:attributes>
    </tx:advice>

    <aop:config>
        <aop:pointcut id="servicesOperation" expression="execution(* com..*.service.impl.*.*(..))"/>
        <aop:advisor pointcut-ref="servicesOperation" advice-ref="txAdvice"/>
    </aop:config>

    <context:component-scan base-package="com.payegis.tscsecurid.common.mapper.*"/>
    <context:component-scan base-package="com.payegis.tscsecurid.rest.*"/>
    <context:component-scan base-package="com.**.service.*"/>
    <context:property-placeholder location="classpath:*.properties" ignore-unresolvable="true"/>
    
    

</beans>