<?xml version="1.0" encoding="UTF-8"?>
<beans xmlns="http://www.springframework.org/schema/beans"
       xmlns:mvc="http://www.springframework.org/schema/mvc"
       xmlns:xsi="http://www.w3.org/2001/XMLSchema-instance"
       xmlns:context="http://www.springframework.org/schema/context"
       xmlns:p="http://www.springframework.org/schema/p"
       xsi:schemaLocation="http://www.springframework.org/schema/beans http://www.springframework.org/schema/beans/spring-beans-3.2.xsd
	http://www.springframework.org/schema/context  http://www.springframework.org/schema/context/spring-context-3.2.xsd
	http://www.springframework.org/schema/mvc http://www.springframework.org/schema/mvc/spring-mvc-3.2.xsd">
	<mvc:annotation-driven/>
	<context:annotation-config/>
    <context:component-scan base-package="com.payegis.tscsecurid.rest.*"></context:component-scan>
	<mvc:default-servlet-handler />
    <bean id="viewResolver"
		class="org.springframework.web.servlet.view.InternalResourceViewResolver"
		p:prefix="/WEB-INF/page/" p:suffix=".jsp" />


    <mvc:resources mapping="/image/**" location="/WEB-INF/resource/image/" cache-period="60" />
	<mvc:resources mapping="/js/**" location="/WEB-INF/resource/js/" cache-period="60" />
	<mvc:resources mapping="/css/**" location="/WEB-INF/resource/css/" cache-period="60" />
	<mvc:resources mapping="/fonts/**" location="/WEB-INF/resource/fonts/" cache-period="60" />
</beans>