<?xml version="1.0" encoding="UTF-8" ?>  
<!DOCTYPE configuration PUBLIC "-//mybatis.org//DTD Config 3.0//EN" "http://mybatis.org/dtd/mybatis-3-config.dtd">
<configuration>
    <mappers>
		<mapper resource="sqlMapper/BindingInfoMapper.xml" />
        <mapper resource="sqlMapper/BindingLogMapper.xml" />
        <mapper resource="sqlMapper/BindingTerminalMapper.xml" />
        <mapper resource="sqlMapper/BusinessSystemCallbackMapper.xml" />
        <mapper resource="sqlMapper/BusinessSystemMapper.xml" />
        <mapper resource="sqlMapper/EnterpriseInfoMapper.xml" />
        <mapper resource="sqlMapper/FeedbackInfoMapper.xml" />
        <mapper resource="sqlMapper/MgrMenuMapper.xml" />
        <mapper resource="sqlMapper/MgrPrivilegeMapper.xml" />
        <mapper resource="sqlMapper/MgrRoleMapper.xml" />
        <mapper resource="sqlMapper/MgrRolePrivilegeMapper.xml" />
        <mapper resource="sqlMapper/MgrUserRoleMapper.xml" />
        <mapper resource="sqlMapper/SysEnterpriseConfigMapper.xml" />
        <mapper resource="sqlMapper/SysLogHistoryMapper.xml" />
        <mapper resource="sqlMapper/SysLogMapper.xml" />
        <mapper resource="sqlMapper/SysMsgMapper.xml" />
        <mapper resource="sqlMapper/SysMsgTopicMapper.xml" />
        <mapper resource="sqlMapper/SysUserMapper.xml" />
        <mapper resource="sqlMapper/TerminalPwdResetMapper.xml" />
        <mapper resource="sqlMapper/DeviceTokenMapper.xml" />
        <mapper resource="sqlMapper/BindingTerminalPwdProtectionMapper.xml" />
         <mapper resource="sqlMapper/BindingInfoEnterpriseMapper.xml" />
         <mapper resource="sqlMapper/VersionManageMapper.xml" />
        <mapper resource="sqlMapper/AppRelationMapper.xml" />
        <mapper resource="sqlMapper/StrategyConfigMapper.xml" />
        <mapper resource="sqlMapper/SystemTxnMapper.xml" />
        <mapper resource="sqlMapper/BindingInstructionsMapper.xml" />
        <mapper resource="sqlMapper/BindingLogEnterpriseMapper.xml" />
    </mappers>
</configuration>